CHROM	POS	REF	ALT	GENE	TRANSCRIPT	TRANSCRIPT_TYPE	HGVS_C	HGVS_P	CONSEQUENCE	MANE_ALL	CALLERS	ZYGOSITY	GT_DV	GT_HC	CLINVAR_SIG	CLINVAR_STARS	CLINVAR_DN	CLINVAR_CONF	GNOMAD_G_AF	GNOMAD_G_EAS_AF	GNOMAD_E_AF	GNOMAD_E_EAS_AF	TWB_AF	PKNN_LLR	REVEL	BAYESDEL	ALPHAMISSENSE	METARNN	ESM2_SCORE	EVO2_SCORE	SPLICEAI_MAX	CADD_PHRED	LOFTEE_HC	LOFTEE_FILTER	LOFTEE_FLAGS	ACMG_EVIDENCE	ACMG_POINTS	ACMG_CLASS	PHASE_GROUP	PHASE_RESULT	IN_ROH	IN_PANEL	IN_BLACKLIST	OMIM_LINK	GNOMAD_LINK	CLINVAR_LINK	REPORT_CLASS
chr1	6134671	A	G	CHD5	NM_015557.3	MANE_SELECT	c.3012+47T>C		intron_variant	[]	DV+HC	het	0/1	0/1		0			0.0001	0.0019											0.85					BS1|BS2	-8	Benign		unphased	false	true	false	https://www.omim.org/entry/610771	https://gnomad.broadinstitute.org/variant/1-6134671-A-G?dataset=gnomad_r4	https://www.ncbi.nlm.nih.gov/clinvar/?term=1%5BCHR%5D+AND+6134671%5BCHRPOS%5D	
chr1	6873947	C	T	CAMTA1	NM_015215.4	MANE_SELECT	c.234+48737C>T		intron_variant	[]	DV+HC	het	0/1	0/1		0															0									unphased	false	true	false	https://www.omim.org/entry/611501	https://gnomad.broadinstitute.org/variant/1-6873947-C-T?dataset=gnomad_r4	https://www.ncbi.nlm.nih.gov/clinvar/?term=1%5BCHR%5D+AND+6873947%5BCHRPOS%5D	
chr1	6909627	C	CTAAGG	CAMTA1	NM_015215.4	MANE_SELECT	c.234+84418_234+84422dup		intron_variant	[]	DV+HC	het	0/1	0/1		0			0.0001	0.0025																				unphased	false	true	false	https://www.omim.org/entry/611501	https://gnomad.broadinstitute.org/variant/1-6909627-C-CTAAGG?dataset=gnomad_r4	https://www.ncbi.nlm.nih.gov/clinvar/?term=1%5BCHR%5D+AND+6909627%5BCHRPOS%5D	
chr1	8703398	G	A	RERE	NM_001042681.2	MANE_SELECT	c.-144-46957C>T		intron_variant	[]	DV+HC	het	0/1	0/1		0			6.594e-06	0.0002											0.23					PM2	2	VUS		unphased	false	true	false	https://www.omim.org/entry/605226	https://gnomad.broadinstitute.org/variant/1-8703398-G-A?dataset=gnomad_r4	https://www.ncbi.nlm.nih.gov/clinvar/?term=1%5BCHR%5D+AND+8703398%5BCHRPOS%5D	
chr1	44828522	C	T	PTCH2	NM_003738.5	MANE_SELECT	c.1574G>A	p.Arg525Gln	missense_variant	[]	DV+HC	het	0/1	0/1	Uncertain_significance	2			0	0.0002							0.1338	0.8853			0.01					PP3_Moderate|BS2	-2	Likely benign		unphased	false	true	false	https://www.omim.org/entry/603673	https://gnomad.broadinstitute.org/variant/1-44828522-C-T?dataset=gnomad_r4	https://www.ncbi.nlm.nih.gov/clinvar/?term=1%5BCHR%5D+AND+44828522%5BCHRPOS%5D	
chr1	148640099	C	T	NOTCH2NLB	NM_001364008.2	MANE_SELECT	c.4-10G>A		splice_polypyrimidine_tract_variant	[]	DV+HC	hom	1/1	1/1		0																				PVS1_Moderate|PM2	4	VUS		unphased	false	false	false	https://www.omim.org/entry/618024	https://gnomad.broadinstitute.org/variant/1-148640099-C-T?dataset=gnomad_r4	https://www.ncbi.nlm.nih.gov/clinvar/?term=1%5BCHR%5D+AND+148640099%5BCHRPOS%5D	
chr1	156317203	G	A	CCT3	NM_005998.5	MANE_SELECT	c.937C>T	p.Arg313Cys	missense_variant	[]	DV+HC	het	0/1	0/1		0			7.525e-06	0							0.9794	0.9287			0.02					PP3_Moderate|BS2	-2	Likely benign		unphased	false	true	false	https://www.omim.org/entry/600114	https://gnomad.broadinstitute.org/variant/1-156317203-G-A?dataset=gnomad_r4	https://www.ncbi.nlm.nih.gov/clinvar/?term=1%5BCHR%5D+AND+156317203%5BCHRPOS%5D	
chr1	233016941	A	G	PCNX2	NM_014801.4	MANE_SELECT	c.4819T>C	p.Cys1607Arg	missense_variant	[]	DV+HC	het	0/1	0/1		0			6.881e-07	0							0.9705	0.9428								PM2|PP3_Strong	6	Likely pathogenic		unphased	false	false	false	https://www.omim.org/entry/617656	https://gnomad.broadinstitute.org/variant/1-233016941-A-G?dataset=gnomad_r4	https://www.ncbi.nlm.nih.gov/clinvar/?term=1%5BCHR%5D+AND+233016941%5BCHRPOS%5D	
chr10	77984204	C	T	POLR3A	NM_007055.4	MANE_SELECT	c.3336+1G>A		splice_donor_variant	[]	DV+HC	het	0/1	0/1	Likely_pathogenic	1			6.962e-07	0											0.99		HC			PVS1|PM2|PP5_Moderate	12	Pathogenic		unphased	false	true	false	https://www.omim.org/entry/614258	https://gnomad.broadinstitute.org/variant/10-77984204-C-T?dataset=gnomad_r4	https://www.ncbi.nlm.nih.gov/clinvar/?term=10%5BCHR%5D+AND+77984204%5BCHRPOS%5D	
chr12	7190512	GGCCTCTGAGGCAGTGAGTGTTCTTGAGGTGGAAAGCCCAGGTGCA	G	PEX5	NM_001351132.2	MANE_SELECT	c.147+77_147+121del		splice_donor_variant	[]	DV+HC	hom	1/1	1/1	Conflicting_classifications_of_pathogenicity	1		Uncertain_significance(1)|Benign(7)|Likely_benign(1)	0.252	0.7201													HC			PM4|BP6|BA1	-7	Benign		unphased	false	true	false	https://www.omim.org/entry/600414	https://gnomad.broadinstitute.org/variant/12-7190512-GGCCTCTGAGGCAGTGAGTGTTCTTGAGGTGGAAAGCCCAGGTGCA-G?dataset=gnomad_r4	https://www.ncbi.nlm.nih.gov/clinvar/?term=12%5BCHR%5D+AND+7190512%5BCHRPOS%5D	
chr12	14841081	C	T	ART4	NM_021071.4	MANE_SELECT	c.217G>A	p.Val73Ile	missense_variant	[]	DV+HC	het	0/1	0/1		0			0.0003	0.0037							0.1543	0.0068			0.03					PVS1_Strong	4	VUS		unphased	false	false	false	https://www.omim.org/entry/110600	https://gnomad.broadinstitute.org/variant/12-14841081-C-T?dataset=gnomad_r4	https://www.ncbi.nlm.nih.gov/clinvar/?term=12%5BCHR%5D+AND+14841081%5BCHRPOS%5D	
chr12	47879112	A	G	VDR	NM_000376.3	MANE_SELECT	c.2T>C	p.Met1?	start_lost	[]	DV+HC	hom	1/1	1/1	Conflicting_classifications_of_pathogenicity	1		Likely_pathogenic(1)|Benign(10)	0.6253	0.5913							0.2321	8.3061e-06			0		HC			PVS1_Supporting|BP6|BA1	-8	Benign		unphased	false	true	false	https://www.omim.org/entry/601769	https://gnomad.broadinstitute.org/variant/12-47879112-A-G?dataset=gnomad_r4	https://www.ncbi.nlm.nih.gov/clinvar/?term=12%5BCHR%5D+AND+47879112%5BCHRPOS%5D	
chr12	121810510	C	T	SETD1B	NM_001353345.2	MANE_SELECT	c.1565C>T	p.Ser522Leu	missense_variant	[]	DV+HC	het	0/1	0/1		0			7.174e-06	0.0001							0.234	0.2757			0					BP4|BS2	-5	Likely benign		unphased	false	true	false	https://www.omim.org/entry/611055	https://gnomad.broadinstitute.org/variant/12-121810510-C-T?dataset=gnomad_r4	https://www.ncbi.nlm.nih.gov/clinvar/?term=12%5BCHR%5D+AND+121810510%5BCHRPOS%5D	
chr13	20189473	C	T	GJB2	NM_004004.6	MANE_SELECT	c.109G>A	p.Val37Ile	missense_variant	[]	DV+HC	het	0/1	0/1	Pathogenic	3			0.0024	0.0415							0.1572	0.0096			0					PS4|PP1_Strong|PM3	10	Pathogenic		unphased	false	true	false	https://www.omim.org/entry/121011	https://gnomad.broadinstitute.org/variant/13-20189473-C-T?dataset=gnomad_r4	https://www.ncbi.nlm.nih.gov/clinvar/?term=13%5BCHR%5D+AND+20189473%5BCHRPOS%5D	
chr14	71216875	C	T	PCNX1,SIPA1L1	XM_011537452.3	MANE_SELECT	c.169-1G>A		splice_acceptor_variant	[]	DV+HC	het	0/1	0/1		0			0.0005	0.0105													HC			PVS1_Strong	4	VUS		unphased	false	false	false		https://gnomad.broadinstitute.org/variant/14-71216875-C-T?dataset=gnomad_r4	https://www.ncbi.nlm.nih.gov/clinvar/?term=14%5BCHR%5D+AND+71216875%5BCHRPOS%5D	
chr14	105352423	A	G	PACS2	NM_001100913.3	MANE_SELECT	c.253A>G	p.Ser85Gly	missense_variant	[]	DV+HC	het	0/1	0/1	Likely_benign	1			0	0.0004							0.0588	0.0284			0.03					BP4_Strong|BP6_Moderate|BS2	-10	Benign		unphased	false	true	false	https://www.omim.org/entry/610423	https://gnomad.broadinstitute.org/variant/14-105352423-A-G?dataset=gnomad_r4	https://www.ncbi.nlm.nih.gov/clinvar/?term=14%5BCHR%5D+AND+105352423%5BCHRPOS%5D	
chr15	71777371	A	G	THSD4	NM_024817.3	MANE_SELECT	c.3054A>G	p.Arg1018=	synonymous_variant	[]	DV+HC	het	0/1	0/1		0			1.369e-06	0											0.98					PM2|PP3_Moderate	4	VUS		unphased	false	false	false	https://www.omim.org/entry/614476	https://gnomad.broadinstitute.org/variant/15-71777371-A-G?dataset=gnomad_r4	https://www.ncbi.nlm.nih.gov/clinvar/?term=15%5BCHR%5D+AND+71777371%5BCHRPOS%5D	
chr15	88899465	C	T	MFGE8	NM_005928.4	MANE_SELECT	c.1094G>A	p.Arg365His	missense_variant	[]	DV+HC	het	0/1	0/1		0			7.525e-06	0.0001							0.2648	0.9855			0					PM2|PP3_Strong	6	Likely pathogenic		unphased	false	false	false	https://www.omim.org/entry/602281	https://gnomad.broadinstitute.org/variant/15-88899465-C-T?dataset=gnomad_r4	https://www.ncbi.nlm.nih.gov/clinvar/?term=15%5BCHR%5D+AND+88899465%5BCHRPOS%5D	
chr16	1502718	G	A	TELO2	NM_016111.4	MANE_SELECT	c.1727G>A	p.Arg576His	missense_variant	[]	DV+HC	het	0/1	0/1	Uncertain_significance	1			0	0.0006							0.422	0.9808			0.01					PP3_Strong|BS1	0	VUS		unphased	false	true	false	https://www.omim.org/entry/611140	https://gnomad.broadinstitute.org/variant/16-1502718-G-A?dataset=gnomad_r4	https://www.ncbi.nlm.nih.gov/clinvar/?term=16%5BCHR%5D+AND+1502718%5BCHRPOS%5D	
chr16	70471353	G	C	FCSK	NM_145059.3	MANE_SELECT	c.1341+1G>C		splice_donor_variant	[]	DV+HC	het	0/1	0/1	Likely_benign	1			0.0001	0.0031													HC			PVS1_Moderate|BP6_Moderate	0	VUS		unphased	false	true	false	https://www.omim.org/entry/608675	https://gnomad.broadinstitute.org/variant/16-70471353-G-C?dataset=gnomad_r4	https://www.ncbi.nlm.nih.gov/clinvar/?term=16%5BCHR%5D+AND+70471353%5BCHRPOS%5D	
chr17	8173443	C	T	TMEM107	NM_183065.4	MANE_SELECT	c.*760G>A		3_prime_UTR_variant	[]	DV+HC	het	0/1	0/1	Likely_pathogenic	1			0.0001	0.0003																PP5_Moderate|BP4	1	VUS		unphased	false	true	false	https://www.omim.org/entry/616183	https://gnomad.broadinstitute.org/variant/17-8173443-C-T?dataset=gnomad_r4	https://www.ncbi.nlm.nih.gov/clinvar/?term=17%5BCHR%5D+AND+8173443%5BCHRPOS%5D	
chr17	80112072	G	A	GAA	NM_000152.5	MANE_SELECT	c.1726G>A	p.Gly576Ser	missense_variant	[]	DV+HC	het	0/1	0/1	Benign|other	2			0.0083	0.17							0.4181	0.0059			0.38					PM1|PM5|PP2|PP3|BP6_Very_Strong|BA1	-10	Benign		unphased	false	true	false	https://www.omim.org/entry/606800	https://gnomad.broadinstitute.org/variant/17-80112072-G-A?dataset=gnomad_r4	https://www.ncbi.nlm.nih.gov/clinvar/?term=17%5BCHR%5D+AND+80112072%5BCHRPOS%5D	
chr19	39658581	T	C	LGALS16	NM_001190441.3	MANE_SELECT	c.214T>C	p.Trp72Arg	missense_variant	[]	DV+HC	het	0/1	0/1	Uncertain_significance	1			0	0							0.9066	0.9064			0.13					PM2|PP3_Moderate	4	VUS		unphased	false	false	false		https://gnomad.broadinstitute.org/variant/19-39658581-T-C?dataset=gnomad_r4	https://www.ncbi.nlm.nih.gov/clinvar/?term=19%5BCHR%5D+AND+39658581%5BCHRPOS%5D	
chr19	45677036	C	G	GIPR	NM_000164.4	MANE_SELECT	c.721C>G	p.Leu241Val	missense_variant	[]	DV+HC	het	0/1	0/1		0			5.473e-06	0.0002							0.6533	0.903			0					PM2|PP3_Moderate	4	VUS		unphased	false	false	false	https://www.omim.org/entry/137241	https://gnomad.broadinstitute.org/variant/19-45677036-C-G?dataset=gnomad_r4	https://www.ncbi.nlm.nih.gov/clinvar/?term=19%5BCHR%5D+AND+45677036%5BCHRPOS%5D	
chr2	44320435	G	A	SLC3A1	NM_000341.4	MANE_SELECT	c.1854G>A	p.Met618Ile	missense_variant	[]	DV+HC	het	0/1	0/1	Conflicting_classifications_of_pathogenicity	1		Pathogenic(1)|Benign(6)	0.6599	0.3574							0.1726	3.6895e-06			0					PM5|PP2|BP4_Strong|BP6|BA1	-10	Benign		unphased	false	true	false	https://www.omim.org/entry/104614	https://gnomad.broadinstitute.org/variant/2-44320435-G-A?dataset=gnomad_r4	https://www.ncbi.nlm.nih.gov/clinvar/?term=2%5BCHR%5D+AND+44320435%5BCHRPOS%5D	
chr2	74046494	C	T	TET3	NM_001287491.2	MANE_SELECT	c.577C>T	p.Arg193Cys	missense_variant	[]	DV+HC	het	0/1	0/1	Uncertain_significance	1			0	0.0008							0.1989	0.0508			0					BP4_Strong|BS1	-8	Benign		unphased	false	true	false	https://www.omim.org/entry/613555	https://gnomad.broadinstitute.org/variant/2-74046494-C-T?dataset=gnomad_r4	https://www.ncbi.nlm.nih.gov/clinvar/?term=2%5BCHR%5D+AND+74046494%5BCHRPOS%5D	
chr2	74047413	C	G	TET3	NM_001287491.2	MANE_SELECT	c.1496C>G	p.Pro499Arg	missense_variant	[]	DV+HC	het	0/1	0/1	Uncertain_significance	1			0.0001	0.0024							0.1247	0.0054			0					BP4_Strong|BS1	-8	Benign		unphased	false	true	false	https://www.omim.org/entry/613555	https://gnomad.broadinstitute.org/variant/2-74047413-C-G?dataset=gnomad_r4	https://www.ncbi.nlm.nih.gov/clinvar/?term=2%5BCHR%5D+AND+74047413%5BCHRPOS%5D	
chr2	230213009	C	T	SP110	NM_080424.4	MANE_SELECT	c.335G>A	p.Trp112Ter	stop_gained	[]	DV+HC	het	0/1	0/1	Conflicting_classifications_of_pathogenicity	1		Uncertain_significance(1)|Likely_benign(1)	0	0.0002											0.13		HC			PVS1|PM2|BP6	9	Likely pathogenic		unphased	false	false	false	https://www.omim.org/entry/604457	https://gnomad.broadinstitute.org/variant/2-230213009-C-T?dataset=gnomad_r4	https://www.ncbi.nlm.nih.gov/clinvar/?term=2%5BCHR%5D+AND+230213009%5BCHRPOS%5D	
chr20	5302662	C	G	PROKR2	NM_144773.4	MANE_SELECT	c.533G>C	p.Trp178Ser	missense_variant	[]	DV+HC	het	0/1	0/1	Conflicting_classifications_of_pathogenicity	1		Likely_pathogenic(2)|Uncertain_significance(1)|Likely_benign(2)	0.0001	0.0026							0.8974	0.8336			0					PS3|PP3|BS1	1	VUS		unphased	false	true	false	https://www.omim.org/entry/607123	https://gnomad.broadinstitute.org/variant/20-5302662-C-G?dataset=gnomad_r4	https://www.ncbi.nlm.nih.gov/clinvar/?term=20%5BCHR%5D+AND+5302662%5BCHRPOS%5D	
chr22	19973013	G	A	ARVCF	NM_001670.3	MANE_SELECT	c.2462C>T	p.Ala821Val	missense_variant	[]	DV+HC	het	0/1	0/1		0			0.0003	0.0076							0.5331	0.0134			0					BP4_Strong|BS2	-8	Benign		unphased	false	true	false	https://www.omim.org/entry/602269	https://gnomad.broadinstitute.org/variant/22-19973013-G-A?dataset=gnomad_r4	https://www.ncbi.nlm.nih.gov/clinvar/?term=22%5BCHR%5D+AND+19973013%5BCHRPOS%5D	
chr3	47848992	G	A	DHX30	NM_138615.3	MANE_SELECT	c.2842G>A	p.Glu948Lys	missense_variant	[]	DV+HC	het	0/1	0/1		0			0	0.0006							0.2071	0.0159			0					BP4_Strong|BS2	-8	Benign		unphased	false	true	false	https://www.omim.org/entry/616423	https://gnomad.broadinstitute.org/variant/3-47848992-G-A?dataset=gnomad_r4	https://www.ncbi.nlm.nih.gov/clinvar/?term=3%5BCHR%5D+AND+47848992%5BCHRPOS%5D	
chr4	48547590	A	G	FRYL	NM_015030.2	MANE_SELECT	c.5068T>C	p.Phe1690Leu	missense_variant	[]	DV+HC	het	0/1	0/1		0			0.001	0.0259							0.5452	0.0057			0.01					BP4_Strong|BS1|BS2	-12	Benign		unphased	false	true	false	https://www.omim.org/entry/620798	https://gnomad.broadinstitute.org/variant/4-48547590-A-G?dataset=gnomad_r4	https://www.ncbi.nlm.nih.gov/clinvar/?term=4%5BCHR%5D+AND+48547590%5BCHRPOS%5D	
chr5	132385435	C	T	SLC22A5	NM_003060.4	MANE_SELECT	c.760C>T	p.Arg254Ter	stop_gained	[]	DV+HC	het	0/1	0/1	Pathogenic	2			0	0.0007											0		HC			PVS1|PP5_Very_Strong	16	Pathogenic		unphased	false	true	false	https://www.omim.org/entry/603377	https://gnomad.broadinstitute.org/variant/5-132385435-C-T?dataset=gnomad_r4	https://www.ncbi.nlm.nih.gov/clinvar/?term=5%5BCHR%5D+AND+132385435%5BCHRPOS%5D	
chr6	101710814	A	G	GRIK2	NM_021956.5	MANE_SELECT	c.951+24461A>G		intron_variant	[]	DV+HC	het	0/1	0/1		0			0.0001	0.0018											0.24					BS1	-4	Likely benign		unphased	false	true	false	https://www.omim.org/entry/138244	https://gnomad.broadinstitute.org/variant/6-101710814-A-G?dataset=gnomad_r4	https://www.ncbi.nlm.nih.gov/clinvar/?term=6%5BCHR%5D+AND+101710814%5BCHRPOS%5D	
chr6	152368991	G	A	SYNE1	NM_182961.4	MANE_SELECT	c.9788C>T	p.Ala3263Val	missense_variant	[]	DV+HC	het	0/1	0/1	Uncertain_significance	1			8.893e-06	0							0.1552	0.349								BP4	-1	Likely benign		unphased	false	true	false	https://www.omim.org/entry/608441	https://gnomad.broadinstitute.org/variant/6-152368991-G-A?dataset=gnomad_r4	https://www.ncbi.nlm.nih.gov/clinvar/?term=6%5BCHR%5D+AND+152368991%5BCHRPOS%5D	
chr7	32487692	A	G	LSM5	NM_012322.3	MANE_SELECT	c.236T>C	p.Ile79Thr	missense_variant	[]	DV+HC	het	0/1	0/1	Uncertain_significance	1			6.694e-06	0.0002							0.9938	0.8812			0.09					PM2|PP3_Moderate	4	VUS		unphased	false	false	false	https://www.omim.org/entry/607285	https://gnomad.broadinstitute.org/variant/7-32487692-A-G?dataset=gnomad_r4	https://www.ncbi.nlm.nih.gov/clinvar/?term=7%5BCHR%5D+AND+32487692%5BCHRPOS%5D	
chr7	73682798	G	A	DNAJC30	NM_032317.3	MANE_SELECT	c.626C>T	p.Thr209Met	missense_variant	[]	DV+HC	het	0/1	0/1		0			3.424e-06	0.0001							0.0915	0.0412			0					PM2|PP2|BP4_Strong	-1	Likely benign		unphased	false	true	false	https://www.omim.org/entry/618202	https://gnomad.broadinstitute.org/variant/7-73682798-G-A?dataset=gnomad_r4	https://www.ncbi.nlm.nih.gov/clinvar/?term=7%5BCHR%5D+AND+73682798%5BCHRPOS%5D	
chr7	101172071	GAGAGGCCT	G	NAT16	NM_198571.3	MANE_SELECT	c.1110_*7del		stop_lost	[]	DV+HC	het	0/1	0/1		0																	HC			PM2|PM4	4	VUS		unphased	false	false	false	https://www.omim.org/entry/615783	https://gnomad.broadinstitute.org/variant/7-101172071-GAGAGGCCT-G?dataset=gnomad_r4	https://www.ncbi.nlm.nih.gov/clinvar/?term=7%5BCHR%5D+AND+101172071%5BCHRPOS%5D	
chr7	107248423	A	G	COG5	NM_006348.5	MANE_SELECT	c.1826T>C	p.Ile609Thr	missense_variant	[]	DV+HC	het	0/1	0/1	Conflicting_classifications_of_pathogenicity	1		Uncertain_significance(1)|Benign(3)|Likely_benign(3)	0.0004	0.0131							0.343				0					BP4_Strong|BP6|BS1|BS2	-13	Benign		unphased	false	true	false	https://www.omim.org/entry/606821	https://gnomad.broadinstitute.org/variant/7-107248423-A-G?dataset=gnomad_r4	https://www.ncbi.nlm.nih.gov/clinvar/?term=7%5BCHR%5D+AND+107248423%5BCHRPOS%5D	
chr7	147044019	T	C	CNTNAP2	NM_014141.6	MANE_SELECT	c.515T>C	p.Ile172Thr	missense_variant	[]	DV+HC	het	0/1	0/1	Conflicting_classifications_of_pathogenicity	1		Uncertain_significance(2)|Likely_benign(3)	0.0001	0.0034							0.1639	0.023			0					BP4_Strong|BP6|BS2	-9	Benign		unphased	false	true	false	https://www.omim.org/entry/604569	https://gnomad.broadinstitute.org/variant/7-147044019-T-C?dataset=gnomad_r4	https://www.ncbi.nlm.nih.gov/clinvar/?term=7%5BCHR%5D+AND+147044019%5BCHRPOS%5D	
chr8	9088538	G	A	ERI1	NM_001354638.2	MANE_SELECT	c.886G>A	p.Gly296Arg	missense_variant	[]	DV+HC	het	0/1	0/1		0			0	0.1829																BP4_Strong|BA1	-12	Benign		unphased	false	true	false	https://www.omim.org/entry/608739	https://gnomad.broadinstitute.org/variant/8-9088538-G-A?dataset=gnomad_r4	https://www.ncbi.nlm.nih.gov/clinvar/?term=8%5BCHR%5D+AND+9088538%5BCHRPOS%5D	
chr8	102313914	G	T	UBR5	NM_015902.6	MANE_SELECT	c.1897C>A	p.Arg633=	splice_region_variant	[]	DV+HC	het	0/1	0/1		0															0.99					PM2|PP3_Moderate	4	VUS		unphased	false	true	false	https://www.omim.org/entry/608413	https://gnomad.broadinstitute.org/variant/8-102313914-G-T?dataset=gnomad_r4	https://www.ncbi.nlm.nih.gov/clinvar/?term=8%5BCHR%5D+AND+102313914%5BCHRPOS%5D	
chrX	68064105	G	A	OPHN1	NM_002547.3	MANE_SELECT	c.1907C>T	p.Pro636Leu	missense_variant	[]	DV+HC	hemi	1	1		0											0.067	0.066			0					PM2|BP4_Strong	-2	Likely benign		unphased	false	true	false	https://www.omim.org/entry/300127	https://gnomad.broadinstitute.org/variant/X-68064105-G-A?dataset=gnomad_r4	https://www.ncbi.nlm.nih.gov/clinvar/?term=X%5BCHR%5D+AND+68064105%5BCHRPOS%5D	
chrX	151955761	G	A	GABRE	NM_004961.4	MANE_SELECT	c.884C>T	p.Ser295Phe	missense_variant	[]	DV+HC	hemi	1	1		0			7.285e-06	0.0003							0.9217	0.9766			0					PP3_Strong	4	VUS		unphased	false	false	false	https://www.omim.org/entry/300093	https://gnomad.broadinstitute.org/variant/X-151955761-G-A?dataset=gnomad_r4	https://www.ncbi.nlm.nih.gov/clinvar/?term=X%5BCHR%5D+AND+151955761%5BCHRPOS%5D	
